{
  "timestamp": "2025-09-22T06:18:28.556456Z",
  "n_samples": 167,
  "feature_dim_engineered": 60,
  "cv_summary": {
    "rf": {
      "cv_mean": 0.7244206773618538,
      "cv_std": 0.05849690554128117,
      "auc_mean": 0.7306265664160401,
      "auc_std": 0.05907043272132249,
      "fold_scores": [
        0.6764705882352942,
        0.7941176470588235,
        0.7575757575757576,
        0.6363636363636364,
        0.7575757575757576
      ]
    },
    "lgb": {
      "cv_mean": 0.6518716577540107,
      "cv_std": 0.09328209021847438,
      "auc_mean": 0.712208298524088,
      "auc_std": 0.12311482650286758,
      "fold_scores": [
        0.6764705882352942,
        0.7647058823529411,
        0.696969696969697,
        0.48484848484848486,
        0.6363636363636364
      ]
    },
    "xgb": {
      "cv_mean": 0.664349376114082,
      "cv_std": 0.07791435490187515,
      "auc_mean": 0.7339515455304928,
      "auc_std": 0.0797904698917587,
      "fold_scores": [
        0.6176470588235294,
        0.7647058823529411,
        0.6666666666666666,
        0.5454545454545454,
        0.7272727272727273
      ]
    }
  },
  "final_results": {
    "rf": {
      "accuracy": 0.7647058823529411,
      "f1": 0.8,
      "auc": 0.7982456140350878
    },
    "lgb": {
      "accuracy": 0.7058823529411765,
      "f1": 0.75,
      "auc": 0.7315789473684211
    },
    "xgb": {
      "accuracy": 0.7058823529411765,
      "f1": 0.75,
      "auc": 0.7842105263157895
    },
    "stacking": {
      "accuracy": 0.7058823529411765,
      "f1": 0.75,
      "auc": 0.7947368421052632
    },
    "calibrated_stacking": {
      "accuracy": 0.7647058823529411,
      "f1": 0.8095238095238095,
      "auc": 0.8298245614035088
    }
  },
  "best_model": "rf",
  "best_accuracy": 0.7647058823529411
}